Dairy,MEASURE,RECIPE UNIT,# RU,RU COST,COST
Mozzarella,.5 Cups,OZ-wt,4,0.1390833,0.5563334
Cheddar,3.5 Cups,OZ-wt,13,0.1364063,1.773281
Butter,1/4 lb,OZ-wt,4,0.1603958,0.6415833
Whole Milk,6 Cups,CUP,6,0.1465625,0.879375
DAIRY TOTAL,$3.85
%,75.2 %
Dry Goods,MEASURE,RECIPE UNIT,# RU,RU COST,COST
Macaroni,8 scoops,EA,44.2,0.02577801,1.139388
Olive Oil,1 TBL,OZ-fl,1,0.08812079,0.08812079
DRY GOODS TOTAL,$1.23
%,24.0 %
Herbs,MEASURE,RECIPE UNIT,# RU,RU COST,COST
Salt,1 T,TBL,1,0.008325203,0.008325203
Pepper,1/4 T,TBL,0.25,0.1441384,0.03603459
HERBS TOTAL,$0.04
%,0.9 %
BATCH TOTAL,$5.12